"word","ipa","pos","inflections","derivatives","definition","example","collocations","context_type"
"Conversant","/kəˈnvɝsənt/","adj.","conversant, more conversant, most conversant","conversance (n.), conversancy (n.)","(usually followed by `with') well informed about or knowing thoroughly","The lawyer was conversant with all the latest legal precedents in tax law.","conversant with the subject; conversant in multiple languages; conversant on current events","C2"
"Contrite","/kənˈtɹaɪt/","adj.","contrite, more contrite, most contrite","contriteness (n.)","feeling or expressing pain or sorrow for sins or offenses","The contrite defendant apologized profusely for his actions in court.","contrite apology; contrite expression; contrite heart","C2"
"Convivial","/kəˈnvɪviəl/","adj.","convivial, more convivial, most convivial","conviviality (n.)","occupied with or fond of the pleasures of good company","The convivial atmosphere at the party made everyone feel welcome and included.","convivial atmosphere; convivial gathering; convivial mood","C2"
"Conundrum","/kəˈnʌndɹəm/","n.","conundrum, conundrums","None","a difficult problem","The conundrum of how to reduce traffic congestion puzzled city planners.","solve a conundrum; face a conundrum; present a conundrum","C2"
"Cordial","/ˈkɔɹdʒəl/","adj.","cordial, more cordial, most cordial","cordiality (n.)","diffusing warmth and friendliness","She gave him a cordial smile and invited him to join the group.","cordial greeting; cordial relationship; cordial invitation","C2"
"Copious","/ˈkoʊpiəs/","adj.","copious, more copious, most copious","copiously (adv.), copiousness (n.)","large in number or quantity (especially of discourse)","The professor provided copious notes to supplement the lecture.","copious notes; copious amounts; copious details","C2"
"Corrosive","/kɚˈoʊsɪv/","adj.","corrosive, more corrosive, most corrosive","corrode (v.), corrosion (n.)","of a substance, especially a strong acid; capable of destroying or eating away by chemical action","The corrosive acid ate through the metal container in minutes.","corrosive substance; corrosive effect; corrosive criticism","C2"
"Cosmopolitan","/ˌkɑzməˈpɑlətən/","adj.","cosmopolitan, more cosmopolitan, most cosmopolitan","None","growing or occurring in many parts of the world","The cosmopolitan city attracted visitors from all over the world.","cosmopolitan city; cosmopolitan culture; cosmopolitan outlook","C2"
"Corpulent","/ˈkɔːpjələnt/","adj.","corpulent, more corpulent, most corpulent","corpulence (n.)","excessively fat","The corpulent man struggled to fit into the airplane seat.","corpulent figure; corpulent man; corpulent appearance","C2"
"Convene","/kəˈnvin/","v.","convene, convenes, convened, convened, convening","convener (n.), convening (n.), convention (n.)","To come together; to meet; to unite.","The committee decided to convene a meeting to discuss the budget issues.","convene a meeting; convene an assembly; convene the committee","C2"
"Corroborate","/kɚˈɑbɚˌeɪt/","v.","corroborate, corroborates, corroborated, corroborated, corroborating","corroboration (n.), corroborative (adj.)","establish or strengthen as with new evidence or facts","The witness testimony corroborated the victim's account of the incident.","corroborate evidence; corroborate the story; corroborate the findings","C2"
"Convalesce","/ˌkɑnvəˈlɛs/","v.","convalesce, convalesces, convalesced, convalesced, convalescing","convalescent (adj.), convalescence (n.)","get over an illness or shock","After a week in bed, she began to convalesce and regain her strength.","convalesce at home; convalesce after surgery; convalesce from illness","C2"
"Countenance","/ˈkaʊntənəns/","n.","countenance, countenances","None","the appearance conveyed by a person's face","His countenance was serious as he delivered the news about the company's layoffs.","stern countenance; change countenance; maintain countenance","C2"
"Covert","/ˈkoʊvɚt/","adj.","covert, more covert, most covert","covertly (adv.), covertness (n.)","not openly shown; concealed","The spy used covert signals to communicate with his contacts.","covert operation; covert surveillance; covert affair","C2"
"Contrived","/kənˈtɹaɪvd/","adj.","contrived, more contrived, most contrived","None","deliberately created and appearing artificial or forced","The film's plot felt contrived and failed to convince the audience.","contrived plot; contrived excuse; contrived solution","C2"
"Convoke","/kənˈvoʊk/","v.","convoke, convokes, convoked, convoked, convoking","convocation (n.)","call together","The principal decided to convoke a school assembly to address the recent bullying incidents.","convoke a meeting; convoke the council; convoke the assembly","C2"
"Converge","/kəˈnvɝdʒ/","v.","converge, converges, converged, converged, converging","convergent (adj.), converging (n.), convergence (n.), convergency (n.)","be adjacent or come together","The two rivers converge near the edge of the forest, forming a larger body of water.","converge on a point; converge in time; converge in space","C2"
"Covetous","/ˈkʌvətəs/","adj.","covetous, more covetous, most covetous","covetousness (n.)","showing extreme cupidity; painfully desirous of another's advantages","The covetous businessman was always looking for ways to outdo his competitors.","covetous gaze; covetous of wealth; covetous of power","C2"
"Craven","/ˈkɹeɪvən/","n.","craven, cravens","cravenness (n.)","an abject coward","The soldier was labeled a craven after he fled the battlefield.","cowardly craven; craven behavior; craven act","C2"
"Crass","/ˈkɹæs/","adj.","crass, more crass, most crass","crassness (n.)","(of persons) so unrefined as to be lacking in discrimination and sensibility","His crass comments at the dinner party offended many of the guests.","crass behavior; crass remark; crass ignorance","C2"
"Countermand","/ˌkaʊntəˈmɑːnd/","v.","countermand, countermands, countermanded, countermanded, countermanding","None","cancel officially","The general decided to countermand the order after receiving new intelligence.","countermand an order; countermand a directive; countermand a decision","C2"
"Credence","/ˈkɹidəns/","n. [U]","no changes","None","the mental attitude that something is believable and should be accepted as true","The evidence was lacking, so the jury gave no credence to the witness's testimony.","give credence to; lend credence to; gain credence","C2"
"Coy","/ˈkɔɪ/","adj.","coy, coyer, coyest","coyness (n.)","affectedly modest or shy especially in a playful or provocative way","The actress gave a coy smile as she accepted the award, adding to her charm.","coy smile; coy demeanor; coy response","C2"
"Cower","/ˈkaʊɚ/","v.","cower, cowers, cowered, cowered, cowering","None","crouch or curl up","The lost hiker cowered under a tree during the thunderstorm.","cower in fear; cower in the corner; cower before danger","C2"
"Cupidity","/kjuˈpɪdɪti/","n. [U]","no changes","None","extreme greed for material wealth","His cupidity led him to make some risky financial decisions that eventually backfired.","cupidity for money; cupidity for power; cupidity for fame","C2"
"Cryptic","/ˈkɹɪptɪk/","adj.","cryptic, more cryptic, most cryptic","cryptically (adv.)","of an obscure nature","The cryptic message left everyone puzzled, as its meaning was obscure and difficult to decipher.","cryptic message; cryptic warning; cryptic remark","C2"
"Curator","/kjʊˈɹeɪtɚ/","n.","curator, curators","curatorial (adj.), curatorship (n.)","the custodian of a collection (as a museum or library)","As the curator of the museum, she was responsible for preserving and displaying the priceless artifacts.","museum curator; art curator; chief curator","C2"
"Credulous","/ˈkɹɛdʒələs/","adj.","credulous, more credulous, most credulous","credulity (n.), credulousness (n.)","disposed to believe on little evidence","The credulous investor believed the scammer's too-good-to-be-true promises and lost his life savings.","credulous person; credulous nature; credulous belief","C2"
"Crescendo","/kɹɪˈʃɛndoʊ/","v.","crescendo, crescendoes, crescendoed, crescendoed, crescendoing","None","grow louder","The music gradually crescendoed, building to an intense and powerful climax.","crescendo of applause; crescendo of sound; crescendo of excitement","C2"
"Criterion","/kɹaɪˈtɪɹiən/","n.","criterion, criteria","criterial (adj.), criterional (adj.)","a basis for comparison; a reference point against which other things can be evaluated","The main criterion for the job was a strong background in computer programming and problem-solving.","key criterion; primary criterion; selection criterion","C2"
"Culpable","/ˈkʌlpəbəl/","adj.","culpable, more culpable, most culpable","culpability (n.), culpableness (n.)","deserving blame or censure as being wrong or evil or injurious","The company acknowledged that it was culpable for the data breach and apologized to its customers.","morally culpable; legally culpable; culpable negligence","C2"
"Cumbersome","/ˈkʌmbɚsəm/","adj.","cumbersome, more cumbersome, most cumbersome","cumbersomeness (n.)","difficult to handle or use especially because of size or weight","The cumbersome machinery slowed down the construction project, making it difficult to meet deadlines.","cumbersome process; cumbersome equipment; cumbersome procedure","C2"
"Curtail","/kɚˈteɪl/","v.","curtail, curtails, curtailed, curtailed, curtailing","curtailment (n.)","place restrictions on","The new regulations were designed to curtail excessive spending and reduce the budget deficit.","curtail freedom; curtail spending; curtail activities","C2"
"Cynical","/ˈsɪnɪkəl/","adj.","cynical, more cynical, most cynical","cynicism (n.), cynically (adv.)","Of or relating to the belief that human actions are motivated only or primarily by base desires or selfishness.","His cynical view of politics led him to believe that all politicians were motivated by self-interest.","cynical attitude; cynical view; cynical outlook","C2"
"Debase","/dəˈbeɪs/","v.","debase, debases, debased, debased, debasing","debaser (n.), debasement (n.)","corrupt morally or by intemperance or sensuality","The scandal served to debase his reputation, leading many to question his integrity.","morally debase; debase currency; debase oneself","C2"
"Crestfallen","/ˈkɹɛsˌtfɔlən/","adj.","crestfallen, more crestfallen, most crestfallen","None","brought low in spirit","After losing the championship game, the team was crestfallen and struggled to regain their confidence.","crestfallen expression; look crestfallen; crestfallen face","C2"
"Cursory","/ˈkɝsɚi/","adj.","cursory, more cursory, most cursory","None","hasty and without attention to detail; not thorough","The detective gave the crime scene a cursory glance before moving on, missing a crucial piece of evidence.","cursory glance; cursory inspection; cursory review","C2"
"Debacle","/dəˈbɑkəl/","n.","debacle, debacles","None","a sudden and violent collapse","The financial debacle led to the collapse of several major banks and shook the global economy.","complete debacle; economic debacle; financial debacle","C2"
"Decimate","/ˈdɛsəˌmeɪt/","v.","decimate, decimates, decimated, decimated, decimating","decimation (n.)","kill one in every ten, as of mutineers in Roman armies","The invading army decided to decimate the local population, killing one in every ten people as a warning.","decimate population; decimate ranks; decimate enemy","C2"
"Daunt","/ˈdɔnt/","v.","daunt, daunts, daunted, daunted, daunting","None","cause to lose courage","The daunting task of climbing Mount Everest didn't deter her; instead, it fueled her determination.","daunt opponent; daunt spirit; daunt courage","C2"
"Debate","/dəˈbeɪt/","v.","debate, debates, debated, debated, debating","debater (n.), debatable (adj.)","argue with one another","The two politicians debated the merits of the new policy, each presenting strong arguments.","heated debate; public debate; lively debate","C2"
"Decipher","/dɪˈsaɪfɚ/","v.","decipher, deciphers, deciphered, deciphered, deciphering","decipherable (adj.), decipherment (n.)","convert code into ordinary language","The team worked tirelessly to decipher the ancient manuscript, hoping to unlock its secrets.","decipher message; decipher code; decipher handwriting","C2"
"Debilitate","/dəˈbɪləˌteɪt/","v.","debilitate, debilitates, debilitated, debilitated, debilitating","debility (n.), debilitation (n.), debilitative (adj.)","make weak","The illness debilitated him, leaving him too weak to perform everyday tasks.","debilitating illness; debilitate health; debilitate economy","C2"
"Dearth","/ˈdɝθ/","n. [U]","no changes","None","an acute insufficiency","There was a dearth of resources, making it challenging to provide adequate aid to the disaster-stricken area.","dearth of resources; dearth of information; dearth of opportunities","C2"
"Debunk","/dɪˈbʌŋk/","v.","debunk, debunks, debunked, debunked, debunking","debunking (n.)","expose while ridiculing; especially of pretentious or false claims and ideas","The documentary aimed to debunk common myths about nutrition and promote healthier eating habits.","debunk myth; debunk theory; debunk claim","C2"
"Defame","/dɪˈfeɪm/","v.","defame, defames, defamed, defamed, defaming","defamer (n.), defamation (n.), defamatory (adj.)","charge falsely or with malicious intent; attack the good name and reputation of someone","The article defamed the actor, accusing him of crimes without any evidence, which led to a lawsuit.","defame character; defame reputation; defame name","C2"
"Debauchery","/dəˈbɔtʃɚi/","n.","debauchery, debaucheries","debauch (v.)","a wild gathering involving excessive drinking and promiscuity","The debauchery at the party was evident, with guests indulging in excessive drinking and unruly behavior.","wild debauchery; act of debauchery; debauchery and excess","C2"
"Deference","/ˈdɛfɚəns/","n.","deference, deferences","defer (v.), deferent (adj.), deferential (adj.)","a courteous expression (by word or deed) of esteem or regard","Out of deference to his mentor, he always sought his advice before making important decisions.","show deference; treat with deference; deference to elders","C2"
"Deface","/dɪˈfeɪs/","v.","deface, defaces, defaced, defaced, defacing","defacement (n.)","mar or spoil the appearance of","Vandals defaced the ancient statue, marring its beauty and upsetting the local community.","deface property; deface monument; deface image","C2"
"Defile","/dɪˈfaɪl/","v.","defile, defiles, defiled, defiled, defiling","defiler (n.), defilement (n.)","place under suspicion or cast doubt upon","The new evidence served to defile his previously sterling reputation, casting doubt on his integrity.","defile reputation; defile name; defile image","C2"
"Decorum","/dɪˈkɔɹəm/","n. [U]","no changes","decorous (adj.)","propriety in manners and conduct","The dinner party guests were impressed by the young man's decorum and polite conversation.","sense of decorum; maintain decorum; breach of decorum","C2"
"Deflect","/dɪˈflɛkt/","v.","deflect, deflects, deflected, deflected, deflecting","deflector (n.), deflexion (n.), deflection (n.), deflective (adj.)","prevent the occurrence of; prevent from happening","The goalkeeper's quick reflexes deflected the powerful shot, saving the team from a certain goal.","deflect attention; deflect criticism; deflect blame","C2"
"Decant","/dəˈkænt/","v.","decant, decants, decanted, decanted, decanting","decanter (n.), decantation (n.)","pour out","After letting the wine breathe, the host carefully decanted it into elegant crystal glasses.","decant wine; carefully decant; decant into a glass","C2"
"Definitive","/dɪˈfɪnɪtɪv/","adj.","no changes","definitively (adv.), definitiveness (n.)","explicitly defined","The Supreme Court issued a definitive ruling that settled the matter once and for all.","definitive answer; definitive guide; definitive version","C2"
"Decrepit","/dəˈkɹɛpɪt/","adj.","decrepit, more decrepit, most decrepit","None","worn and broken down by hard use","The old, decrepit barn was barely standing, with its roof caved in and walls tilting dangerously.","decrepit building; decrepit state; decrepit condition","C2"
"Default","/dɪˈfɔlt/","n.","default, defaults","defaulter (n.)","The condition of failing to meet an obligation.","The company is in default after failing to make the required payments on its loans.","default setting; in default; default on payments","C2"
"Defunct","/dɪˈfʌŋkt/","adj.","no changes","defunctness (n.)","no longer in force or use; inactive","The once-popular social media platform is now defunct, having lost all its users to newer apps.","defunct company; defunct law; defunct system","C2"
"Defeatist","/dɪˈfitɪst/","n.","defeatist, defeatists","defeat (n.), defeatism (n.)","someone who is resigned to defeat without offering positive suggestions","The coach refused to tolerate defeatist attitudes, urging the team to stay positive and fight until the end.","defeatist attitude; defeatist mentality; defeatist view","C2"
"Deliberate","/dɪˈlɪbɚət/","v.","deliberate, deliberates, deliberated, deliberated, deliberating","deliberation (n.), deliberative (adj.), deliberateness (n.)","think about carefully; weigh","The committee will deliberate on the proposal for several weeks before making a final decision.","deliberate action; deliberate decision; deliberate on the matter","C2"
"Degenerate","/dɪˈdʒɛnɚət/","v.","degenerate, degenerates, degenerated, degenerated, degenerating","degeneration (n.), degenerative (adj.)","grow worse","The discussion degenerated into an argument when neither side was willing to compromise.","degenerate into chaos; degenerate condition; degenerate behavior","C2"
"Deleterious","/ˌdɛləˈtɪɹiəs/","adj.","deleterious, more deleterious, most deleterious","deleteriously (adv.), deleteriousness (n.)","harmful to living things","The scientist warned that the chemical was deleterious and could cause long-term health issues.","deleterious effects; deleterious to health; deleterious consequences","C2"
"Deft","/ˈdɛft/","adj.","deft, defter, deftest","deftness (n.)","skillful in physical movements; especially of the hands","The surgeon's deft hands moved with precision, performing the delicate operation with ease.","deft touch; deft hands; deft movement","C2"
"Declivity","/dɪˈklɪvɪti/","n.","declivity, declivities","declivitous (adj.)","a downward slope or bend","The mountain bikers navigated the steep declivity with caution, aware of the dangers it posed.","gentle declivity; steep declivity; gradual declivity","C2"
"Defray","/dɪˈfɹeɪ/","v.","defray, defrays, defrayed, defrayed, defraying","defrayal (n.), defrayment (n.)","bear the expenses of","The scholarship helped to defray the costs of tuition, books, and accommodation for the students.","defray costs; defray expenses; defray the charges","C2"
"Delineate","/dɪˈlɪniˌeɪt/","v.","delineate, delineates, delineated, delineated, delineating","delineation (n.), delineative (adj.)","show the form or outline of","The architect's drawings delineate the proposed changes to the building's facade in great detail.","delineate boundaries; delineate features; delineate the outline","C2"
"Delirium","/dɪˈlɪɹiəm/","n.","delirium, deliriums","delirious (adj.)","state of violent mental agitation","In the throes of delirium, the patient mumbled incoherently and struggled against the restraints.","delirium tremens; state of delirium; in delirium","C2"
"Deluge","/ˈdɛljudʒ/","v.","deluge, deluges, deluged, deluged, deluging","None","fill quickly beyond capacity; as with a liquid","The heavy rains deluged the streets, flooding basements and overwhelming the city's drainage system.","deluge with questions; deluge of rain; deluge of information","C2"
"Delve","/ˈdɛlv/","v.","delve, delves, delved, delved, delving","None","turn up, loosen, or remove earth","The archaeologists delved into the ancient ruins, uncovering artifacts that had been buried for centuries.","delve into research; delve deeper; delve into the past","C2"
"Deign","/ˈdeɪn/","v.","deign, deigns, deigned, deigned, deigning","None","do something that one considers to be below one's dignity","The celebrity would not deign to respond to the accusations, considering them beneath her dignity.","deign to reply; deign to speak; deign to help","C2"
"Demagogue","/ˈdɛməˌɡɑɡ/","n.","demagogue, demagogues","None","a political leader who seeks support by appealing to popular passions and prejudices","The demagogue rallied the crowd with fiery speeches, appealing to their fears and promising quick fixes.","political demagogue; power-hungry demagogue; demagogue tactics","C2"
"Denigrate","/ˈdɛnəˌɡɹeɪt/","v.","denigrate, denigrates, denigrated, denigrated, denigrating","denigration (n.), denigrative (adj.), denigratory (adj.)","cause to seem less serious; play down","The critics denounced the policy but failed to offer constructive alternatives, causing some to accuse them of denigrating the process.","denigrate someone's efforts; denigrate achievements; denigrate reputation","C2"
"Demeanor","/dɪˈminɚ/","n.","demeanor, demeanors","None","(behavioral attributes) the way a person behaves toward other people","His calm demeanor during the crisis reassured everyone that the situation was under control.","calm demeanor; professional demeanor; demeanor of confidence","C2"
"Denounce","/dɪˈnaʊns/","v.","denounce, denounces, denounced, denounced, denouncing","denouncement (n.)","speak out against","The activist traveled the country to denounce the injustices faced by marginalized communities.","denounce injustice; publicly denounce; denounce corruption","C2"
"Depict","/dɪˈpɪkt/","v.","depict, depicts, depicted, depicted, depicting","depiction (n.)","show in, or as in, a picture","The artist chose to depict the beauty of the natural world in her latest series of paintings.","depict reality; vividly depict; depict in detail","C2"
"Demur","/dɪˈmɝ/","v.","demur, demurs, demurred, demurred, demurring","demurral (n.), demurrer (n.)","take exception to","The employee demurred when asked to work overtime, citing a prior commitment.","demur at the suggestion; demur to the proposal; demur politely","C2"
"Deplete","/dɪˈplit/","v.","deplete, depletes, depleted, depleted, depleting","depletion (n.)","To reduce the amount of; to remove (a substance from something)","The factory's operations began to deplete the nearby lake of its clean water supply.","deplete resources; deplete energy; deplete nutrients","C2"
"Deplore","/dɪˈplɔɹ/","v.","deplore, deplores, deplored, deplored, deploring","None","express strong disapproval of","Environmentalists deplore the destruction of the rainforest for commercial gain.","deplore violence; strongly deplore; deplore actions","C2"
"Demystify","/diˈmɪstəˌfaɪ/","v.","demystify, demystifies, demystified, demystified, demystifying","None","make less mysterious or remove the mystery from","The professor aimed to demystify quantum physics for his students with engaging lectures.","demystify process; demystify complex topics; demystify technology","C2"
"Denizen","/ˈdɛnəzən/","n.","denizen, denizens","None","a person who inhabits a particular place","As a denizen of New York City, she knew every corner of the bustling metropolis.","denizen of the forest; urban denizen; denizen of the sea","C2"
"Depravity","/dɪˈpɹævəti/","n.","depravity, depravities","deprave (v.), depraved (adj.)","moral perversion; impairment of virtue and moral principles","The dictator's depravity was evident in his callous disregard for human rights.","moral depravity; depths of depravity; depravity of the regime","C2"
"Deride","/dɪˈɹaɪd/","v.","deride, derides, derided, derided, deriding","derision (n.), derisive (adj.), derisory (adj.)","treat or speak of with contempt","The critics deride the artist's work as unoriginal and poorly executed.","deride efforts; openly deride; deride opponents","C2"
"Depreciate","/dɪˈpɹiʃiˌeɪt/","v.","depreciate, depreciates, depreciated, depreciated, depreciating","depreciator (n.), depreciation (n.), depreciative (adj.), depreciatory (adj.)","belittle","She tried not to depreciate her own achievements, despite the pressure from her peers.","depreciate currency; depreciate value; depreciate importance","C2"
"Deprecate","/ˈdɛpɹəˌkeɪt/","v.","deprecate, deprecates, deprecated, deprecated, deprecating","deprecation (n.), deprecative (adj.), deprecatory (adj.)","express strong disapproval of; deplore","He deprecated the new policy, arguing that it would cause more harm than good.","deprecate violence; deprecate behavior; strongly deprecate","C2"
"Desecrate","/dɛzəˈkɹeɪt/","v.","desecrate, desecrates, desecrated, desecrated, desecrating","desecration (n.)","violate the sacred character of a place or language","The invaders desecrated the ancient temple, destroying priceless artifacts.","desecrate sacred ground; desecrate monument; desecrate temple","C2"
"Despot","/ˈdɛspət/","n.","despot, despots","despotic (adj.), despotical (adj.)","a cruel and oppressive dictator","The despot's rule was marked by fear and oppression, leaving the country in ruins.","ruthless despot; power-hungry despot; despot ruling","C2"
"Derelict","/ˈdɛɹəˌlɪkt/","adj.","derelict, more derelict, most derelict","None","worn and broken down by hard use","The derelict building, with its crumbling walls and broken windows, was an eyesore.","derelict building; derelict ship; derelict site","C2"
"Contumacious","/kəˈntʌməsiəs/","adj.","contumacious, more contumacious, most contumacious","contumacy (n.)","wilfully obstinate; stubbornly disobedient","The contumacious child refused to obey the teacher's instructions, causing chaos in the classroom.","contumacious behavior; contumacious refusal; contumacious attitude","C2"
"Desolate","/ˈdɛsələt/","adj.","desolate, more desolate, most desolate","desolation (n.)","feeling or showing misery and loneliness; (of a place) deserted and bleak","The abandoned mining town looked utterly desolate after the last residents departed.","desolate landscape; feel desolate; desolate wasteland","C2"
"Derivative","/dɚˈɪvətɪv/","n.","derivative, derivatives","derive (v.)","the result of mathematical differentiation; the instantaneous change of one quantity relative to another; df(x)/dx","The derivative of the function f(x) = x^2 is 2x, representing the rate of change.","mathematical derivative; derivative of function; calculate derivative","C2"
"Detonation","/ˌdɛtəˈneɪʃən/","n.","detonation, detonations","detonate (v.)","a violent release of energy caused by a chemical or nuclear reaction","The detonation of the bomb shook the entire city, leaving behind a trail of destruction.","nuclear detonation; cause detonation; detonation sequence","C2"
"Desiccate","/ˈdɛsəkeɪt/","v.","desiccate, desiccates, desiccated, desiccated, desiccating","desiccant (n.), desiccation (n.)","preserve by removing all water and liquids from","The process of desiccating fruits helps preserve them for longer periods.","desiccate food; desiccate herbs; desiccate process","C2"
"Deter","/dɪˈtɝ/","v.","deter, deters, deterred, deterred, deterring","determent (n.), deterrent (adj.), deterrence (n.)","To prevent something from happening.","Strict laws deter people from driving under the influence of alcohol.","deter crime; deter threats; deter attacks","C2"
"Deviate","/ˈdiviˌeɪt/","v.","deviate, deviates, deviated, deviated, deviating","deviation (n.), deviant (adj.)","turn aside; turn away from","The car began to deviate from the road, heading towards the ditch.","deviate from path; deviate from norm; deviate from plan","C2"
"Desist","/dɪˈsɪst/","v.","desist, desists, desisted, desisted, desisting","None","choose not to consume","After years of smoking, she decided to desist and improve her health.","desist from smoking; desist immediately; desist from actions","C2"
"Devastate","/ˈdɛvəˌsteɪt/","v.","devastate, devastates, devastated, devastated, devastating","devastation (n.)","cause extensive destruction or ruin utterly","The hurricane devastate the coastal town, leaving thousands homeless.","devastate community; devastate economy; devastate landscape","C2"
"Detrimental","/ˌdɛtɹəˈmɛntəl/","adj.","detrimental, more detrimental, most detrimental","detriment (n.)","(sometimes followed by `to') causing harm or injury","Smoking is detrimental to your health and can lead to serious diseases.","detrimental effects; detrimental to health; detrimental impact","C2"
"Devout","/dɪˈvaʊt/","adj.","devout, more devout, most devout","devoutness (n.)","deeply religious","Despite facing hardships, she remained devout and attended church regularly.","devout christian; devout muslim; devout believer","C2"
"Devoid","/dɪˈvɔɪd/","adj.","no changes","None","completely wanting or lacking","The room was devoid of furniture, with nothing but bare walls and a dusty floor.","devoid of emotion; devoid of merit; devoid of content","C2"
"Dexterous","/ˈdɛkstɚəs/","adj.","dexterous, more dexterous, most dexterous","None","skillful in physical movements; especially of the hands","The dexterous juggler amazed the crowd by keeping several balls in the air simultaneously.","dexterous hands; dexterous movements; dexterous skill","C2"
"Diadem","/ˈdaɪəˌdɛm/","n.","diadem, diadems","None","an ornamental jeweled headdress signifying sovereignty","The queen wore a stunning diadem, encrusted with diamonds and sapphires, during the coronation.","royal diadem; jeweled diadem; ancient diadem","C2"
"Didactic","/daɪˈdæktɪk/","adj.","didactic, more didactic, most didactic","None","instructive (especially excessively)","The professor's didactic lectures often left students feeling like they were being lectured rather than engaged.","didactic approach; didactic tone; didactic purpose","C2"
"Dichotomy","/daɪˈkɑtəmi/","n.","dichotomy, dichotomies","dichotomize (v.), dichotomous (adj.)","being twofold; a classification into two opposed parts or subclasses","The dichotomy between her public persona and private life was startling to those who knew her well.","false dichotomy; clear dichotomy; stark dichotomy","C2"
"Desultory","/ˈdɛsəˌltɔɹi/","adj.","desultory, more desultory, most desultory","None","marked by lack of definite plan or regularity or purpose; jumping from one thing to another","His desultory approach to studying resulted in poor grades and a lack of understanding of the material.","desultory conversation; desultory manner; desultory thoughts","C2"
"Diabolical","/ˌdaɪəˈbɑlɪkəl/","adj.","diabolical, more diabolical, most diabolical","None","showing the cunning or ingenuity or wickedness typical of a devil","The diabolical plan involved manipulating multiple people to achieve his sinister goals.","diabolical scheme; diabolical genius; diabolical plot","C2"
"Diffuse","/dɪˈfjus/","v.","diffuse, diffuses, diffused, diffused, diffusing","diffusor (n.), diffusion (n.), diffusive (adj.), diffuseness (n.)","move outward","The dye diffused through the water, creating a beautiful, swirling pattern.","diffuse light; diffuse heat; diffuse information","C2"
"Devious","/ˈdiviəs/","adj.","devious, more devious, most devious","deviousness (n.)","indirect in departing from the accepted or proper way; misleading","His devious scheme involved misleading his colleagues to gain an unfair advantage.","devious path; devious plan; devious person","C2"
"Digress","/daɪˈɡɹɛs/","v.","digress, digresses, digressed, digressed, digressing","digression (n.), digressive (adj.)","lose clarity or turn aside especially from the main subject of attention or course of argument in writing, thinking, or speaking","During the lecture, she would often digress into personal anecdotes that had little to do with the topic.","digress from the topic; digress from the main point; digress from the subject","C2"
"Dilate","/daɪˈleɪt/","v.","dilate, dilates, dilated, dilated, dilating","dilator (n.), dilation (n.), dilatation (n.)","become wider","As the sun set, the pupils of their eyes began to dilate to adjust to the darkness.","dilate pupils; dilate blood vessels; dilate upon a topic","C2"
"Diatribe","/ˈdaɪəˌtɹaɪb/","n.","diatribe, diatribes","None","thunderous verbal attack","The politician launched into a diatribe against his opponent, accusing him of corruption and deceit.","bitter diatribe; angry diatribe; scathing diatribe","C2"
"Din","/ˈdɪn/","v.","din, dins, dinned, dinned, dinning","None","make a resonant sound, like artillery","The cannons din echoed across the battlefield, drowning out the cries of the wounded.","din of battle; din of voices; din of machinery","C2"
"Dilapidated","/dəˈlæpəˌdeɪtɪd/","adj.","dilapidated, more dilapidated, most dilapidated","None","fallen into a state of disrepair or ruin through neglect","The once-grand mansion was now dilapidated, with peeling paint and broken windows.","dilapidated building; dilapidated house; dilapidated condition","C2"
"Diminutive","/dɪˈmɪnjətɪv/","n.","diminutive, diminutives","diminutiveness (n.)","a word that is formed with a suffix (such as -let or -kin) to indicate smallness","The diminutive 'duckling' is formed from 'duck' to indicate a small or young bird.","diminutive form; diminutive suffix; diminutive noun","C2"
"Diaphanous","/daɪˈæfənɪs/","adj.","diaphanous, more diaphanous, most diaphanous","None","so thin as to transmit light","The diaphanous fabric of her dress flowed like water, revealing the silhouette of her legs.","diaphanous fabric; diaphanous veil; diaphanous gown","C2"
"Dirge","/ˈdɝdʒ/","n.","dirge, dirges","None","a song or hymn of mourning composed or performed as a memorial to a dead person","The mourners sang a dirge as the casket was lowered into the ground, a haunting melody that echoed through the cemetery.","funeral dirge; mournful dirge; haunting dirge","C2"
"Dilemma","/dɪˈlɛmə/","n.","dilemma, dilemmas","None","state of uncertainty or perplexity especially as requiring a choice between equally unfavorable options","Faced with the dilemma of choosing between a high-paying job she hated and a low-paying job she loved, she spent days in contemplation.","difficult dilemma; ethical dilemma; moral dilemma","C2"
"Disavow","/ˌdɪsəˈvaʊ/","v.","disavow, disavows, disavowed, disavowed, disavowing","disavowal (n.)","refuse to acknowledge; disclaim knowledge of; responsibility for, or association with","He disavowed any involvement in the scandal, claiming he had been misrepresented by the media.","disavow responsibility; disavow any knowledge; disavow a statement","C2"
"Discern","/dɪˈsɝn/","v.","discern, discerns, discerned, discerned, discerning","discernible (adj.), discernment (n.)","detect with the senses","She could discern the faint outline of a ship on the horizon through the thick fog.","discern a difference; discern a pattern; discern a threat","C2"
"Diffident","/ˈdɪfədənt/","adj.","diffident, more diffident, most diffident","diffidence (n.)","showing modest reserve","His diffident nature made him hesitant to speak up in meetings, even when he had valuable insights.","diffident manner; diffident smile; diffident personality","C2"
"Discredit","/dɪsˈkɹɛdət/","v.","discredit, discredits, discredited, discredited, discrediting","None","cause to be distrusted or disbelieved","The new evidence discredited the witness's testimony, raising doubts about the entire case.","discredit a theory; discredit a witness; discredit a claim","C2"
"Discretion","/dɪsˈkɹɛʃən/","n.","discretion, discretions","discretionary (adj.)","freedom to act or judge on one's own","The manager gave her team members the discretion to make decisions on their own, trusting their judgment.","exercise discretion; use discretion; show discretion","C2"
"Discreet","/dɪsˈkɹit/","adj.","discreet, more discreet, most discreet","discreetly (adv.), discretion (n.)","Respectful of privacy or secrecy; exercising caution in order to avoid causing embarrassment; quiet; diplomatic.","She was discreet about her personal life, avoiding gossip and keeping her private affairs private.","discreet behavior; discreet manner; discreet approach","C2"
"Dilettante","/daɪˈlɛtəntə/","n.","dilettante, dilettantes","None","an amateur who engages in an activity without serious intentions and who pretends to have knowledge","He was a dilettante in the art world, attending gallery openings and pretending to be an expert but never creating any art himself.","aspiring dilettante; amateur dilettante; wealthy dilettante","C2"
"Discord","/ˈdɪskɔɹd/","n.","discord, discords","discordant (adj.), discordance (n.)","lack of agreement or harmony","The discord between the two departments led to a lack of cooperation and hindered progress on the project.","discord among members; discord in the group; discord between partners","C2"
"Discriminating","/dɪsˈkɹɪməˌneɪtɪŋ/","adj.","discriminating, more discriminating, most discriminating","None","having or showing refined taste and good judgment","A discriminating reader can easily distinguish strong arguments from weak ones.","discriminating taste; discriminating eye; discriminating listener","C2"
"Discrete","/dɪsˈkɹit/","adj.","no changes","discreteness (n.)","constituting a separate entity or part","The course was divided into discrete modules, each focusing on a different aspect of the subject.","discrete units; discrete elements; discrete parts","C2"
"Dilatory","/ˈdɪləˌtɔɹi/","adj.","dilatory, more dilatory, most dilatory","None","wasting time","The committee's dilatory approach caused the project to fall behind schedule.","dilatory tactics; dilatory proceedings; dilatory behavior","C2"
"Discrepancy","/dɪsˈkɹɛpənsi/","n.","discrepancy, discrepancies","discrepant (adj.)","a difference between conflicting facts or claims or opinions","The discrepancy between the witness statements raised doubts about their credibility.","noticeable discrepancy; significant discrepancy; minor discrepancy","C2"
"Disenfranchise","/dɪsɪnˈfɹæˌntʃaɪz/","v.","disenfranchise, disenfranchises, disenfranchised, disenfranchised, disenfranchising","disenfranchisement (n.)","deprive of voting rights","The new law would disenfranchise thousands of voters who lack specific forms of identification.","disenfranchise voters; disenfranchise citizens; disenfranchise minority groups","C2"
"Dismiss","/dɪˈsmɪs/","v.","dismiss, dismisses, dismissed, dismissed, dismissing","dismissal (n.), dismissive (adj.)","to decide that something is not important and not worth thinking about","The teacher dismissed the student's concerns, saying they were not relevant to the topic at hand.","dismiss the idea; dismiss the allegation; dismiss the complaint","C2"
"Disparage","/dɪˈspɛɹɪdʒ/","v.","disparage, disparages, disparaged, disparaged, disparaging","disparager (n.), disparagement (n.)","express a negative opinion of","He tended to disparage his opponents' achievements rather than focusing on his own strengths.","disparage someone's efforts; disparage someone's achievements; disparage someone's character","C2"
"Disjointed","/dɪˈsdʒɔɪntɪd/","adj.","disjointed, more disjointed, most disjointed","disjointedness (n.)","lacking coherence or logical connection","The disjointed narrative made it difficult for readers to follow the story's progression.","disjointed speech; disjointed narrative; disjointed thoughts","C2"
"Disabuse","/dɪsəˈbjus/","v.","disabuse, disabuses, disabused, disabused, disabusing","None","free somebody (from an erroneous belief)","She tried to disabuse him of the notion that he could pass the exam without studying.","disabuse someone of the notion; disabuse someone of the belief; disabuse someone of the misconception","C2"
"Dispatch","/dɪˈspætʃ/","v.","dispatch, dispatches, dispatched, dispatched, dispatching","dispatcher (n.)","send away towards a designated goal","The general dispatched troops to the border to reinforce security measures.","dispatch a message; dispatch a package; dispatch troops","C2"
"Disheveled","/dɪˈʃɛvəld/","adj.","disheveled, more disheveled, most disheveled","None","untidy or disordered in appearance","His disheveled appearance suggested he had been up all night working on the project.","disheveled hair; disheveled appearance; disheveled clothes","C2"
"Disparate","/ˈdɪspɚɪt/","adj.","disparate, more disparate, most disparate","disparity (n.), disparateness (n.)","fundamentally different or distinct in quality or kind","The two theories are disparate, with one focusing on nature and the other on nurture.","disparate elements; disparate groups; disparate ideas","C2"
"Disgorge","/dɪˈsɡɔɹdʒ/","v.","disgorge, disgorges, disgorged, disgorged, disgorging","disgorgement (n.)","cause or allow (a solid substance) to flow or run out or over","The volcano disgorged lava, creating a path of destruction in its wake.","disgorge contents; disgorge lava; disgorge water","C2"
"Discomfit","/ˈdɪskəmft/","v.","discomfit, discomfits, discomfited, discomfited, discomfiting","discomfiture (n.)","cause to lose one's composure","The unexpected question seemed to discomfit the normally unflappable politician.","discomfit the opponent; discomfit the enemy; discomfit the audience","C2"
"Disinterested","/dɪˈsɪntɹɪstɪd/","adj.","disinterested, more disinterested, most disinterested","disinterestedness (n.)","unaffected by self-interest","As a judge, she was expected to be disinterested in the outcome of the cases she presided over.","disinterested party; disinterested observer; disinterested perspective","C2"
"Disperse","/dɪˈspɝs/","v.","disperse, disperses, dispersed, dispersed, dispersing","dispersal (n.), dispersion (n.), dispersive (adj.)","distribute loosely","The crowd dispersed after the event, leaving the streets quiet once more.","disperse the crowd; disperse the protesters; disperse the seeds","C2"
"Disinclination","/dɪsɪnkləˈneɪʃən/","n.","disinclination, disinclinations","disincline (v.)","that toward which you are inclined to feel dislike","His disinclination to participate in team sports was evident from a young age.","strong disinclination; disinclination to participate; disinclination to engage","C2"
"Disseminate","/dɪˈsɛməˌneɪt/","v.","disseminate, disseminates, disseminated, disseminated, disseminating","dissemination (n.)","cause to become widely known","The organization works to disseminate information about the importance of vaccination.","disseminate information; disseminate knowledge; disseminate the news","C2"
"Dispossess","/ˌdɪspəˈzɛs/","v.","dispossess, dispossesses, dispossessed, dispossessed, dispossessing","dispossession (n.)","deprive of the possession of real estate","The court ruled to dispossess the family of their ancestral home due to unpaid debts.","dispossess someone of land; dispossess someone of property; dispossess someone of their home","C2"
"Dispel","/dɪˈspɛl/","v.","dispel, dispels, dispelled, dispelled, dispelling","None","force to go away; used both with concrete and metaphoric meanings","The bright sunlight helped dispel the shadows and reveal the hidden details of the landscape.","dispel the myth; dispel the rumor; dispel the fear","C2"
"Disingenuous","/dɪsɪˈndʒɛnjuəs/","adj.","disingenuous, more disingenuous, most disingenuous","disingenuousness (n.)","not straightforward or candid; giving a false appearance of frankness","His disingenuous apology only served to anger those who had been affected by his actions.","disingenuous comment; disingenuous behavior; disingenuous response","C2"
"Dissertation","/ˌdɪsɚˈteɪʃən/","n.","dissertation, dissertations","dissertate (v.)","a treatise advancing a new point of view resulting from research; usually a requirement for an advanced academic degree","Her dissertation on the impact of climate change on agriculture earned her a PhD.","doctoral dissertation; dissertation research; dissertation topic","C2"
"Dissident","/ˈdɪsədɪnt/","adj.","dissident, more dissident, most dissident","dissidence (n.)","characterized by departure from accepted beliefs or standards","The dissident artist was known for challenging traditional norms in her work.","dissident voices; dissident views; dissident movement","C2"
"Dispute","/dɪsˈpjut/","v.","dispute, disputes, disputed, disputed, disputing","disputable (adj.)","take exception to","He disputed the claim that the project would be completed on time, citing previous delays.","dispute the claim; dispute the decision; dispute the findings","C2"
"Dissipate","/ˈdɪsəˌpeɪt/","v.","dissipate, dissipates, dissipated, dissipated, dissipating","dissipation (n.), dissipative (adj.)","to cause to separate and go in different directions","The morning fog will dissipate as the sun rises higher in the sky.","dissipate energy; dissipate heat; dissipate the tension","C2"
"Dispassionate","/dɪˈspæʃənət/","adj.","dispassionate, more dispassionate, most dispassionate","dispassion (n.), dispassionateness (n.)","unaffected by strong emotion or prejudice","The detective's dispassionate analysis of the evidence led to the breakthrough in the case.","dispassionate analysis; dispassionate view; dispassionate observer","C2"
"Dissociate","/dɪˈsoʊsieɪt/","v.","dissociate, dissociates, dissociated, dissociated, dissociating","dissociation (n.), dissociative (adj.)","part; cease or break association with","She decided to dissociate herself from the group after learning about their unethical practices.","dissociate from the group; dissociate from the organization; dissociate from the idea","C2"
"Dissuade","/dɪˈsweɪd/","v.","dissuade, dissuades, dissuaded, dissuaded, dissuading","dissuasion (n.), dissuasive (adj.)","turn away from by persuasion","The teacher tried to dissuade her students from cheating by explaining the consequences.","dissuade him; dissuade students; strongly dissuade","C2"
"Distillation","/ˌdɪstəˈleɪʃən/","n.","distillation, distillations","distill (v.)","the process of purifying a liquid by boiling it and condensing its vapors","The distillation process removes impurities, resulting in a purer form of alcohol.","alcohol distillation; water distillation; distillation process","C2"
"Dissonance","/ˈdɪsənəns/","n.","dissonance, dissonances","dissonant (adj.)","a conflict of people's opinions or actions or characters","There was a clear dissonance between the company's stated values and its actual business practices.","cognitive dissonance; cultural dissonance; create dissonance","C2"
"Distinct","/dɪˈstɪŋkt/","adj.","distinct, more distinct, most distinct","distinctly (adv.), distinction (n.)","(often followed by `from') not alike; different in nature or quality","The two species are quite distinct from each other in both appearance and behavior.","distinct advantage; distinct possibility; distinct from","C2"
"Distort","/dɪˈstɔɹt/","v.","distort, distorts, distorted, distorted, distorting","distortion (n.)","make false by mutilation or addition; as of a message or story","The media has a tendency to distort facts to make stories more sensational.","distort the facts; distort reality; distort the truth","C2"
"Distant","/ˈdɪstənt/","adj.","distant, more distant, most distant","distance (n.)","separated in space or coming from or going to a distance","The distant sound of thunder signaled an approaching storm.","distant relative; distant memory; distant future","C2"
"Diverge","/dɪˈvɝdʒ/","v.","diverge, diverges, diverged, diverged, diverging","divergence (n.), divergent (adj.)","move or draw apart","The two roads diverge just after the old oak tree, leading to different destinations.","diverge widely; begin to diverge; diverge from methods","C2"
"Distraught","/dɪsˈtɹɔt/","adj.","distraught, more distraught, most distraught","None","deeply agitated especially from emotion","She was distraught after learning about the unexpected death of her close friend.","distraught with grief; distraught family; distraught mother","C2"
"Diurnal","/daɪˈɝnəl/","adj.","no changes","None","of or belonging to or active during the day","Diurnal animals are typically active during the day and sleep at night.","diurnal cycle; diurnal variation; diurnal rhythm","C2"
"Doctrine","/ˈdɑktɹən/","n.","doctrine, doctrines","doctrinal (adj.)","a belief (or system of beliefs) accepted as authoritative by some group or school","The doctrine of human rights has been widely accepted across different cultures.","legal doctrine; political doctrine; religious doctrine","C2"
"Dissimulate","/ˈdɪsəmjəˌleɪt/","v.","dissimulate, dissimulates, dissimulated, dissimulated, dissimulating","dissimulation (n.), dissimulative (adj.)","hide (feelings) from other people","He tried to dissimulate his anger during the meeting, but his facial expressions gave him away.","dissimulate feelings; dissimulate emotions; learn to dissimulate","C2"
"Distract","/dɪsˈtɹækt/","v.","distract, distracts, distracted, distracted, distracting","distraction (n.)","draw someone's attention away from something","The sudden noise from the street distracted her from her reading.","distract attention; distract the audience; easily distract","C2"
"Dogged","/ˈdɔɡɪd/","adj.","dogged, more dogged, most dogged","doggedness (n.)","showing persistent determination; tenacious","Her dogged determination eventually overcame every obstacle in her path.","dogged determination; dogged pursuit; dogged persistence","C2"
"Divest","/daɪˈvɛst/","v.","divest, divests, divested, divested, divesting","divestiture (n.), divestment (n.)","take away possessions from someone","The court ruled to divest the company of its assets due to illegal activities.","divest of assets; divest holdings; forcibly divest","C2"
"Dogmatic","/dɑˈɡmætɪk/","adj.","dogmatic, more dogmatic, most dogmatic","dogma (n.), dogmatism (n.)","characterized by assertion of unproved or unprovable principles","The professor's dogmatic approach left little room for open discussion or debate.","dogmatic approach; dogmatic views; dogmatic statement","C2"
"Dissemble","/dɪˈsɛmbəl/","v.","dissemble, dissembles, dissembled, dissembled, dissembling","dissembler (n.), dissembling (n.)","make believe with the intent to deceive; conceal one's true feelings or intentions","She tried to dissemble her true intentions by pretending to be indifferent to the offer.","dissemble emotions; dissemble intentions; learn to dissemble","C2"
"Distend","/dɪˈstɛnd/","v.","distend, distends, distended, distended, distending","distension (n.), distended (v.)","become wider","The balloon began to distend as it filled with helium, expanding rapidly.","distend the stomach; begin to distend; visibly distend","C2"
"Dormant","/ˈdɔɹmənt/","adj.","no changes","dormancy (n.)","in a condition of biological rest or suspended animation","The seeds remained dormant throughout the winter, waiting for spring to germinate.","dormant volcano; remain dormant; dormant state","C2"
"Docile","/ˈdɑsəl/","adj.","docile, more docile, most docile","docility (n.)","willing to be taught or led or supervised or directed","The new student was docile and eager to learn, making him a joy to teach.","docile nature; docile personality; surprisingly docile","C2"
"Diverse","/daɪˈvɝs/","adj.","diverse, more diverse, most diverse","diversity (n.), diverseness (n.)","many and different","The city is known for its diverse culture, offering a wide range of cuisines and traditions.","diverse group; diverse culture; diverse opinions","C2"
"Drastic","/ˈdɹæstɪk/","adj.","drastic, more drastic, most drastic","None","Having a strong or far-reaching effect; extreme, severe.","The government implemented drastic measures to combat the spread of the virus.","drastic measures; drastic change; drastic action","C2"
"Dubious","/ˈdubiəs/","adj.","dubious, more dubious, most dubious","dubiety (n.), dubiousness (n.)","Arousing doubt; questionable; open to suspicion.","His dubious explanation for being late only raised further suspicions among his colleagues.","dubious reputation; dubious claim; dubious character","C2"
"Document","/ˈdɑkjəmɛnt/","n.","document, documents","documental (adj.), documentary (adj.), documentation (n.)","writing that provides information (especially information of an official nature)","The document outlined the terms of the agreement in clear and precise language.","legal document; official document; draft a document","C2"
"Duplicity","/duˈplɪsɪti/","n.","duplicity, duplicities","duplicitous (adj.)","a fraudulent or duplicitous representation","The lawyer accused the company of duplicity, claiming they had knowingly misled their clients.","accuse of duplicity; blatant duplicity; duplicity in business","C2"
"Drone","/ˈdɹoʊn/","n.","drone, drones","droning (n.)","stingless male bee in a colony of social bees (especially honeybees) whose sole function is to mate with the queen","In a bee colony, the drone's primary role is to mate with the queen to ensure the survival of the hive.","drone bee; drone colony; drone population","C2"
"Ductile","/ˈdʌktəl/","adj.","ductile, more ductile, most ductile","ductility (n.)","easily influenced","The young artist was ductile and quickly adapted her style to the gallery owner's suggestions.","ductile metal; ductile material; ductile personality","C2"
"Dwindle","/ˈdwɪndəl/","v.","dwindle, dwindles, dwindled, dwindled, dwindling","dwindling (n.)","become smaller or lose substance","As autumn progressed, the river's water level began to dwindle significantly.","dwindle away; dwindle in numbers; dwindle to nothing","C2"
"Draconian","/dɹeɪˈkoʊniən/","adj.","draconian, more draconian, most draconian","draconianism (n.)","of or relating to Draco or his harsh code of laws","The draconian laws of ancient Athens imposed harsh penalties for even minor offenses.","draconian measures; draconian laws; draconian punishment","C2"
"Eccentric","/ɪˈksɛntɹɪk/","n.","eccentric, eccentrics","eccentricity (n.)","a person with an unusual or odd personality","The eccentric inventor spent years building a machine that he claimed could turn lead into gold.","eccentric behavior; eccentric character; eccentric personality","C2"
"Dupe","/ˈdup/","v.","dupe, dupes, duped, duped, duping","dupery (n.)","fool or hoax","The con artist tried to dupe the elderly couple into investing in a fake company.","dupe someone; dupe into believing; dupe the public","C2"
"Economize","/ɪˈkɑnəˌmaɪz/","v.","economize, economizes, economized, economized, economizing","economy (n.), economizer (n.)","use cautiously and frugally","During the recession, many families had to economize by cutting unnecessary expenses.","economize on expenses; economize resources; economize energy","C2"
"Drab","/ˈdɹæb/","adj.","drab, drabber, drabbest","drabness (n.)","lacking in liveliness or charm or surprise","The drab office walls and lack of decoration made the workspace feel dull and uninspiring.","drab color; drab existence; drab appearance","C2"
"Eclipse","/ɪˈklɪps/","v.","eclipse, eclipses, eclipsed, eclipsed, eclipsing","None","be greater in significance than","The success of her latest novel seemed to eclipse all her previous achievements.","eclipse the competition; eclipse previous records; eclipse expectations","C2"
"Eddy","/ˈɛdi/","n.","eddy, eddies","None","founder of Christian Science in 1866 (1821-1910)","Mary Baker Eddy founded Christian Science in 1866 and went on to become a significant religious leader.","swirling eddy; eddy current; eddy water","C2"
"Eclectic","/ɪˈklɛktɪk/","n.","eclectic, eclectics","eclecticism (n.)","someone who selects according to the eclectic method","The eclectic art collector had pieces ranging from ancient Roman sculptures to contemporary digital art.","eclectic approach; eclectic taste; eclectic mix","C2"
"Droll","/ˈdɹoʊl/","adj.","droll, droller, drollest","None","comical in an odd or whimsical manner","The droll comedian had the audience laughing with his whimsical observations about everyday life.","droll sense of humor; droll comment; droll expression","C2"
"Ecstasy","/ˈɛkstəsi/","n.","ecstasy, ecstasies","ecstatic (adj.)","a state of being carried away by overwhelming emotion","The fans were in ecstasy as their team won the championship in the final seconds of the game.","ecstasy of joy; drug-induced ecstasy; ecstasy of love","C2"
"Edifice","/ˈɛdəfəs/","n.","edifice, edifices","None","a structure that has a roof and walls and stands more or less permanently in one place","The ancient Roman edifice, now a UNESCO World Heritage site, still stands as a testament to architectural prowess.","grand edifice; towering edifice; edifice complex","C2"
"Duration","/ˈdʊˈɹeɪʃən/","n.","duration, durations","None","the period of time during which something continues","The duration of the concert was extended due to the overwhelming demand for an encore.","brief duration; duration of the event; duration of time","C2"
"Effigy","/ˈɛfɪdʒi/","n.","effigy, effigies","None","a representation of a person (especially in the form of sculpture)","The town square featured an effigy of the town's founder, commemorating his contributions to the community.","burn in effigy; hang in effigy; effigy of the president","C2"
"Efficacy","/ˈɛfɪˌkæsi/","n.","efficacy, efficacies","efficacious (adj.)","capacity or power to produce a desired effect","The efficacy of the new medication was evident as patients reported significant improvements in their symptoms.","efficacy of the treatment; demonstrate efficacy; prove efficacy","C2"
"Dulcet","/ˈdʌlsət/","adj.","dulcet, more dulcet, most dulcet","None","extremely pleasant in a gentle way","The dulcet tones of the violin filled the concert hall, enchanting every listener in the audience.","dulcet tones; dulcet melody; dulcet voice","C2"
"Effete","/ɛˈfit/","adj.","effete, more effete, most effete","None","marked by excessive self-indulgence and moral decay","The empire fell into effete decadence, losing the strength and vigor that had once defined it.","effete aristocracy; effete culture; effete elite","C2"
"Effervesce","/ˈɛfɚˌvaɪs/","v.","effervesce, effervesces, effervesced, effervesced, effervescing","effervescence (n.), effervescent (adj.)","become bubbly or frothy or foaming","The soda effervesced as it poured over the ice, creating a refreshing, bubbly drink.","effervesce with excitement; effervesce over; effervesce champagne","C2"
"Efface","/ɪˈfeɪs/","v.","efface, effaces, effaced, effaced, effacing","effacement (n.)","remove completely from recognition or memory","The library worked to efface all records of the controversial author after the scandal broke.","efface the past; efface memories; efface graffiti","C2"
"Egalitarian","/ɪˌɡæləˈtɛɹiən/","n.","egalitarian, egalitarians","egality (n.)","a person who believes in the equality of all people","The egalitarian activist fought tirelessly for the rights of marginalized communities around the world.","egalitarian society; egalitarian principles; egalitarian views","C2"
"Effusive","/ˈɛfjusɪv/","adj.","effusive, more effusive, most effusive","effusion (n.)","uttered with unrestrained enthusiasm","Her effusive praise for the new restaurant quickly made it the hottest dining spot in town.","effusive praise; effusive gratitude; effusive welcome","C2"
"Ebullient","/ɪˈbʌljənt/","adj.","ebullient, more ebullient, most ebullient","ebullience (n.)","joyously unrestrained","The ebullient children ran around the playground, their laughter echoing through the park.","ebullient personality; ebullient mood; ebullient spirit","C2"
"Edify","/ˈɛdəˌfaɪ/","v.","edify, edifies, edified, edified, edifying","edification (n.)","make understand","The professor's lecture was both informative and entertaining, serving to edify the students on the subject.","edify the public; edify students; edify readers","C2"
"Elegy","/ˈɛlədʒi/","n.","elegy, elegies","elegist (n.), elegize (v.)","a mournful poem; a lament for the dead","The poet wrote an elegy to mourn the loss of his beloved friend, capturing the depth of his grief.","elegiac poem; elegy for the dead; mournful elegy","C2"
"Elaborate","/ɪˈlæbɹət/","v.","elaborate, elaborates, elaborated, elaborated, elaborating","elaboration (n.), elaborative (adj.)","add details, as to an account or idea; clarify the meaning of and discourse in a learned way, usually in writing","The professor would often elaborate on complex theories, providing detailed examples to help students understand.","elaborate plan; elaborate on; elaborate design","C2"
"Elicit","/ɪˈlɪsɪt/","v.","elicit, elicits, elicited, elicited, eliciting","elicitation (n.)","call forth (emotions, feelings, and responses)","The comedian's joke was so well-timed that it elicited laughter from the entire audience.","elicit response; elicit emotion; elicit feedback","C2"
"Eloquent","/ˈɛləkwənt/","adj.","eloquent, more eloquent, most eloquent","eloquence (n.)","expressing yourself readily, clearly, effectively","The lawyer's eloquent argument convinced the jury of her client's innocence.","eloquent speaker; eloquent speech; eloquent words","C2"
"Egress","/ɪˈɡɹɛs/","n. [U]","no changes","egression (n.)","(astronomy) the reappearance of a celestial body after an eclipse","The eclipse was a spectacular event, and everyone waited eagerly for the sun's egress from behind the moon.","egress point; safe egress; rapid egress","C2"
"Effrontery","/ɪˈfɹʌntɚi/","n.","effrontery, effronteries","None","audacious (even arrogant) behavior that you have no right to","His effrontery in interrupting the meeting with unrelated questions shocked everyone present.","display effrontery; sheer effrontery; act with effrontery","C2"
"Elucidate","/ɪˈlusəˌdeɪt/","v.","elucidate, elucidates, elucidated, elucidated, elucidating","elucidation (n.)","make clear and (more) comprehensible","The teacher did her best to elucidate the difficult concept, using various examples and illustrations.","elucidate meaning; elucidate concept; elucidate details","C2"
"Ellipsis","/ɪˈlɪpsɪs/","n.","ellipsis, ellipses","None","omission or suppression of parts of words or sentences","In informal writing, an ellipsis is often used to indicate an omission or a trailing thought.","ellipsis marks; use ellipsis; ellipsis in writing","C2"
"Emancipate","/ɪˈmænsəˌpeɪt/","v.","emancipate, emancipates, emancipated, emancipated, emancipating","emancipator (n.), emancipation (n.), emancipative (adj.)","give equal rights to; of women and minorities","The 19th Amendment helped emancipate women, granting them the right to vote in the United States.","emancipate slaves; emancipate women; emancipate oneself","C2"
"Elixir","/ɪˈlɪksɚ/","n.","elixir, elixirs","None","a sweet flavored liquid (usually containing a small amount of alcohol) used in compounding medicines to be taken by mouth in order to mask an unpleasant taste","The pharmacist prepared an elixir with a pleasant flavor to mask the bitterness of the medication.","elixir of life; medicinal elixir; sweet elixir","C2"
"Emanate","/ˈɛməˌneɪt/","v.","emanate, emanates, emanated, emanated, emanating","emanation (n.)","proceed or issue forth, as from a source","The smell of fresh coffee seemed to emanate from the kitchen, drawing everyone towards it.","emanate warmth; emanate light; emanate from walls","C2"
"Egregious","/ɪˈɡɹidʒəs/","adj.","egregious, more egregious, most egregious","egregiousness (n.)","conspicuously and outrageously bad or reprehensible","His egregious behavior at the party, including breaking valuables, resulted in his being asked to leave.","egregious error; egregious misconduct; egregious example","C2"
"Embargo","/ɛˈmbɑɹɡoʊ/","v.","embargo, embargoes, embargoed, embargoed, embargoing","None","ban the publication of (documents), as for security or copyright reasons","The government decided to embargo the report due to its sensitive nature and potential security risks.","impose embargo; lift embargo; trade embargo","C2"
"Elated","/ɪˈleɪtəd/","adj.","elated, more elated, most elated","elation (n.)","exultantly proud and joyful; in high spirits","The team was elated after winning the championship, celebrating late into the night.","feel elated; elated mood; elated spirit","C2"
"Elude","/ɪˈlud/","v.","elude, eludes, eluded, eluded, eluding","elusive (adj.), elusion (n.)","escape, either physically or mentally","The thief managed to elude the police for months before finally being captured.","elude capture; elude detection; elude understanding","C2"
"Embellish","/ɪˈmbɛlɪʃ/","v.","embellish, embellishes, embellished, embellished, embellishing","embellishment (n.)","add details to","The author decided to embellish the story with vivid descriptions to make it more engaging for readers.","embellish story; embellish truth; embellish further","C2"
"Eminent","/ˈɛmənənt/","adj.","eminent, more eminent, most eminent","eminence (n.)","standing above others in quality or position","The eminent scientist was invited to speak at the conference, where she shared her latest research findings.","eminent scholar; eminent scientist; eminent position","C2"
"Embezzle","/ɪˈmbɛzəl/","v.","embezzle, embezzles, embezzled, embezzled, embezzling","embezzler (n.), embezzlement (n.)","appropriate (as property entrusted to one's care) fraudulently to one's own use","The accountant was arrested for embezzling funds from the company he worked for over several years.","embezzle funds; embezzle money; embezzle from","C2"
"Emissary","/ˈɛməˌsɛɹi/","n.","emissary, emissaries","None","someone sent on a mission to represent the interests of someone else","The emissary delivered the message from the president, ensuring that both parties understood the terms of the agreement.","send emissary; emissary arrives; emissary departs","C2"
"Embryonic","/ˌɛmbɹiˈɑnɪk/","adj.","embryonic, more embryonic, most embryonic","embryo (n.), embryology (n.)","of an organism prior to birth or hatching","The embryonic research showed promise, but it would take years before any practical applications could be developed.","embryonic stage; embryonic development; embryonic cells","C2"
"Embolden","/ɛˈmboʊldən/","v.","embolden, emboldens, emboldened, emboldened, emboldening","None","give encouragement to","The coach's pep talk helped to embolden the team, leading them to a decisive victory in the final match.","embolden someone; embolden efforts; embolden actions","C2"
"Emulate","/ˈɛmjəˌleɪt/","v.","emulate, emulates, emulated, emulated, emulating","emulation (n.), emulative (adj.)","strive to equal or match, especially by imitating","She always admired her older sister and worked hard to emulate her success in academics and sports.","emulate success; emulate hero; emulate behavior","C2"
"Emaciate","/ɪˈmeɪʃiˌeɪt/","v.","emaciate, emaciates, emaciated, emaciated, emaciating","emaciation (n.)","cause to grow thin or weak","The lack of food and clean water began to emaciate the refugees, making it difficult for them to function.","emaciated body; emaciated by famine; severely emaciated","C2"
"Emend","/ˈɛmənd/","v.","emend, emends, emended, emended, emending","None","make improvements or corrections to","The editor suggested he emend the manuscript by clarifying several points and correcting some factual errors.","emend text; emend document; emend manuscript","C2"
"Empathy","/ˈɛmpəθi/","n.","empathy, empathies","empathetic (adj.), empathize (v.)","understanding and entering into another's feelings","Her empathy for the struggling students was evident in the way she mentored and supported them.","show empathy; empathy for; empathy towards","C2"
"Endemic","/ɛˈndɛmɪk/","adj.","no changes","endemicity (n.)","of or relating to a disease (or anything resembling a disease) constantly present to greater or lesser extent in a particular locality","Malaria is endemic in certain tropical regions, affecting a large percentage of the population year after year.","endemic disease; endemic to; endemic area","C2"
"Encroach","/ɪnˈkɹoʊtʃ/","v.","encroach, encroaches, encroached, encroached, encroaching","encroacher (n.), encroachment (n.)","advance beyond the usual limit","The construction workers were careful not to encroach on the neighboring property.","encroach on territory; encroach upon privacy; gradually encroach","C2"
"Empirical","/ˌɛˈmpɪɹɪkəl/","adj.","no changes","empiricism (n.), empiricist (n.)","derived from experiment and observation rather than theory","The scientist conducted an empirical study to test the hypothesis.","empirical evidence; empirical research; empirical study","C2"
"Enhance","/ɛˈnhæns/","v.","enhance, enhances, enhanced, enhanced, enhancing","enhancement (n.)","to improve the quality, value, or attractiveness of something.","The new lighting will enhance the beauty of the artwork in the gallery.","enhance performance; enhance appearance; enhance understanding","C2"
"Enamored","/ɛˈnæmɚd/","adj.","enamored, more enamored, most enamored","enamor (v.)","filled with a feeling of love or admiration","The novel's protagonist is enamored with the mysterious woman he meets at the party.","become enamored; enamored with beauty; enamored of idea","C2"
"Enigma","/ɪˈnɪɡmə/","n.","enigma, enigmas","enigmatic (adj.)","something that baffles understanding and cannot be explained","The origin of the ancient artifact remains an enigma to this day.","pose an enigma; remain an enigma; enigma wrapped in mystery","C2"
"Encompass","/ɛˈnkʌmpəs/","v.","encompass, encompasses, encompassed, encompassed, encompassing","encompassment (n.)","include in scope; include as part of something broader; have as one's sphere or territory","The course will encompass topics ranging from history to modern science.","encompass a wide range; encompass all aspects; encompass diverse fields","C2"
"Endorse","/ɛˈndɔɹs/","v.","endorse, endorses, endorsed, endorsed, endorsing","endorser (n.), endorsement (n.)","be behind; approve of","The celebrity decided to endorse the new eco-friendly product.","endorse a product; endorse a candidate; strongly endorse","C2"
"Endure","/ɛnˈdjʊɹ/","v.","endure, endures, endured, endured, enduring","endurance (n.)","put up with something or somebody unpleasant","She had to endure the long hours and difficult working conditions.","endure hardship; endure pain; endure criticism","C2"
"Enormity","/ɪˈnɔɹməti/","n.","enormity, enormities","enormous (adj.)","the quality of being outrageous","The enormity of the disaster left the community in shock.","magnitude of enormity; enormity of crime; enormity of task","C2"
"Encomium","/ɛˈnkɑmiəm/","n.","encomium, encomiums","encomiastic (adj.)","a formal expression of praise","The professor delivered an encomium for the retiring head of the department.","sing encomium; receive encomium; encomium for achievement","C2"
"Enmity","/ˈɛnməti/","n.","enmity, enmities","None","a state of deep-seated ill-will","The longstanding enmity between the two families was difficult to overcome.","harbor enmity; deep-seated enmity; enmity between nations","C2"
"Engender","/ɛˈndʒɛndɚ/","v.","engender, engenders, engendered, engendered, engendering","engendering (v.)","call forth","The new policies helped engender a sense of unity among the employees.","engender controversy; engender mistrust; engender support","C2"
"Emollient","/ɪˈmoʊliənt/","n.","emollient, emollients","None","toiletry consisting of any of various substances in the form of a thick liquid that have a soothing and moisturizing effect when applied to the skin","The dermatologist recommended an emollient cream to soothe her dry skin.","emollient lotion; emollient cream; natural emollient","C2"
"Encumber","/ɛˈnkʌmbɚ/","v.","encumber, encumbers, encumbered, encumbered, encumbering","None","hold back","The unnecessary paperwork will only encumber our efforts to complete the project on time.","encumber with debt; encumber progress; heavily encumber","C2"
"Entitle","/ɛˈntaɪtəl/","v.","entitle, entitles, entitled, entitled, entitling","entitlement (n.)","give the right to","The scholarship will entitle her to a full tuition waiver for the next academic year.","entitle to benefits; entitle to vote; legally entitle","C2"
"Enumerate","/ɪˈnumɚˌeɪt/","v.","enumerate, enumerates, enumerated, enumerated, enumerating","enumerator (n.), enumeration (n.)","specify individually","The report will enumerate all the changes made to the original plan.","enumerate reasons; enumerate examples; enumerate in detail","C2"
"Entrepreneur","/ˌɑntɹəpɹəˈnɝ/","n.","entrepreneur, entrepreneurs","entrepreneurial (adj.)","someone who organizes a business venture and assumes the risk for it","The young entrepreneur took a big risk by starting his own tech company.","successful entrepreneur; aspiring entrepreneur; entrepreneur in residence","C2"
"Ennui","/ɛˈnui/","n.","ennui, ennuis","None","the feeling of being bored by something tedious","The long lecture filled the students with ennui and they struggled to stay awake.","feel ennui; suffer from ennui; ennui sets in","C2"
"Entity","/ˈɛntəti/","n.","entity, entities","None","that which is perceived or known or inferred to have its own distinct existence (living or nonliving)","The entity known as the European Union has a complex political structure.","legal entity; separate entity; business entity","C2"
"Enunciate","/ɪˈnʌnsiˌeɪt/","v.","enunciate, enunciates, enunciated, enunciated, enunciating","enunciation (n.)","speak, pronounce, or utter in a certain way","The actor had to enunciate each word clearly to be understood on stage.","clearly enunciate; enunciate words; enunciate clearly","C2"
"Enthrall","/ɪnˈθɹɔl/","v.","enthrall, enthralls, enthralled, enthralled, enthralling","enthrallment (n.)","hold spellbound","The suspenseful plot was able to enthrall the audience from start to finish.","enthrall audience; enthrall viewers; enthrall with story","C2"
"Episodic","/ˌɛpəˈsɑdɪk/","adj.","episodic, more episodic, most episodic","None","of writing or narration; divided into or composed of episodes","The episodic nature of the novel made it easy to read in short bursts.","episodic series; episodic format; episodic nature","C2"
"Entreat","/ɛnˈtɹit/","v.","entreat, entreats, entreated, entreated, entreating","None","ask for or request earnestly","The villagers would entreat the gods for a good harvest each year.","earnestly entreat; entreat for mercy; entreat assistance","C2"
"Enervate","/ˈɛnɚˌveɪt/","v.","enervate, enervates, enervated, enervated, enervating","enervation (n.)","weaken mentally or morally","The long hours at work began to enervate her, affecting her overall well-being.","enervate body; enervate mind; enervate efforts","C2"
"Epigram","/ˈɛpəˌɡɹæm/","n.","epigram, epigrams","epigrammatic (adj.)","a witty saying","The playwright was known for his witty epigrams that left audiences laughing.","epigram about life; witty epigram; clever epigram","C2"
"Ephemeral","/ɪˈfɛmɚəl/","adj.","ephemeral, more ephemeral, most ephemeral","ephemera (n.), ephemerality (n.)","lasting for a very short time","The mayfly is the quintessential ephemeral, living only a day in its winged form before dying.","ephemeral beauty; ephemeral nature; ephemeral existence","C2"
"Epilogue","/ˈɛpəˌlɔɡ/","n.","epilogue, epilogues","None","a short speech (often in verse) addressed directly to the audience by an actor at the end of a play","At the play's conclusion, the lead actor delivered an epilogue that reflected on the story's themes.","play's epilogue; moving epilogue; poetic epilogue","C2"
"Equestrian","/ɪˈkwɛstɹiən/","adj.","no changes","None","of or relating to or composed of knights","The museum displayed suits of armor and other equestrian artifacts from the medieval period.","equestrian statue; equestrian skill; equestrian sport","C2"
"Eradicate","/ɪˈɹædəˌkeɪt/","v.","eradicate, eradicates, eradicated, eradicated, eradicating","eradication (n.)","kill in large numbers","The government launched a campaign to eradicate the invasive species threatening local agriculture.","eradicate poverty; eradicate disease; eradicate corruption","C2"
"Erroneous","/ɛˈɹoʊniəs/","adj.","erroneous, more erroneous, most erroneous","error (n.)","containing or characterized by error","The scientist quickly corrected the erroneous data that had been published in the research paper.","erroneous assumption; erroneous conclusion; erroneous information","C2"
"Equilibrium","/ˌikwəˈlɪbɹiəm/","n.","equilibrium, equilibriums","None","a stable situation in which forces cancel one another","The market reached a state of equilibrium when supply finally matched the high consumer demand.","delicate equilibrium; maintain equilibrium; disturb equilibrium","C2"
"Equivocal","/ɪˈkwɪvəkəl/","adj.","equivocal, more equivocal, most equivocal","equivocate (v.), equivocation (n.)","open to two or more interpretations; or of uncertain nature or significance; or (often) intended to mislead","The politician's equivocal statement left voters confused about his actual stance on the issue.","equivocal answer; equivocal statement; equivocal position","C2"
"Erratic","/ɪˈɹætɪk/","adj.","erratic, more erratic, most erratic","erratically (adv.)","liable to sudden unpredictable change","The artist's erratic behavior made it difficult for gallery owners to schedule exhibitions.","erratic behavior; erratic performance; erratic weather","C2"
"Epicure","/ˈɛpɪˌkjʊɹ/","n.","epicure, epicures","epicurean (adj.)","a person devoted to refined sensuous enjoyment (especially good food and drink)","As an epicure, he traveled the world to experience the finest cuisines and most exclusive wines.","dedicated epicure; gourmet epicure; self-proclaimed epicure","C2"
"Esoteric","/ˌɛsəˈtɛɹɪk/","adj.","esoteric, more esoteric, most esoteric","esotericism (n.)","confined to and understandable by only an enlightened inner circle","The philosophy club's discussions were often esoteric, leaving newcomers feeling excluded.","esoteric knowledge; esoteric concept; esoteric language","C2"
"Equanimity","/ˌikwəˈnɪmɪti/","n. [U]","no changes","None","steadiness of mind under stress","Despite the chaos around her, she maintained her equanimity and focused on finding a solution.","maintain equanimity; retain equanimity; with equanimity","C2"
"Espouse","/ɪˈspaʊz/","v.","espouse, espouses, espoused, espoused, espousing","espousal (adj.)","choose and follow; as of theories, ideas, policies, strategies or plans","The candidate chose to espouse a policy of tax reform to gain support from the working class.","espouse cause; espouse theory; espouse belief","C2"
"Eschew","/ɛˈstʃu/","v.","eschew, eschews, eschewed, eschewed, eschewing","eschewal (adj.)","avoid and stay away from deliberately; stay clear of","He decided to eschew social media in order to focus on his personal and professional life.","eschew violence; eschew politics; eschew materialism","C2"
"Erudite","/ˈɛɹəˌdaɪt/","adj.","erudite, more erudite, most erudite","erudition (n.)","having or showing profound knowledge","The professor's erudite lectures attracted students from various disciplines across the university.","erudite scholar; erudite discussion; erudite commentary","C2"
"Ethereal","/ɪˈθɪɹiəl/","adj.","ethereal, more ethereal, most ethereal","ethereality (n.)","characterized by lightness and insubstantiality; as impalpable or intangible as air","The ballet dancer's movements were so ethereal that she seemed to float across the stage.","ethereal beauty; ethereal quality; ethereal presence","C2"
"Esteem","/əˈstim/","n.","esteem, esteems","esteemed (v.)","Assessment, estimation, or regard; especially; favourable estimation or regard.","The CEO had great esteem for his assistant, who consistently provided invaluable support.","hold in esteem; earn esteem; high esteem","C2"
"Equable","/ˈɛkwəbəl/","adj.","equable, more equable, most equable","None","not varying","The equable climate of the island made it a perfect destination for vacationers seeking relaxation.","equable temperament; equable climate; equable distribution","C2"
"Estrange","/ɛsˈtɹeɪndʒ/","v.","estrange, estranges, estranged, estranged, estranging","estrangement (n.)","remove from customary environment or associations","After moving to the city, she felt estranged from her rural upbringing and the friends she left behind.","become estranged; estrange family; estrange friends","C2"
"Ersatz","/ˈɛˌɹsɑts/","n.","ersatz, ersatzes","None","an artificial or inferior substitute or imitation","The chef refused to use ersatz ingredients, insisting on only the finest and freshest produce.","ersatz coffee; ersatz leather; ersatz product","C2"
"Escalate","/ˈɛskəˌleɪt/","v.","escalate, escalates, escalated, escalated, escalating","escalation (n.)","increase in extent or intensity","The conflict escalated when both sides called for military intervention instead of negotiations.","escalate conflict; escalate tensions; escalate situation","C2"
"Evanescent","/ˌɛvəˈnɛsənt/","adj.","evanescent, more evanescent, most evanescent","evanescence (n.)","tending to vanish like vapor","The joy she felt at the news was evanescent, fading as quickly as it had appeared.","evanescent moment; evanescent memory; evanescent beauty","C2"
"Evasive","/ɪˈveɪsɪv/","adj.","evasive, more evasive, most evasive","evasion (n.), evade (v.)","deliberately vague or ambiguous","The politician's evasive answers during the debate frustrated his lack of a clear plan.","evasive answer; evasive action; evasive maneuver","C2"
"Euphoria","/juˈfɔɹiə/","n.","euphoria, euphorias","None","a feeling of great (usually exaggerated) elation","Winning the championship filled the team with euphoria, celebrating late into the night.","euphoria sets in; euphoria overcomes; euphoria fades","C2"
"Euphemism","/ˈjufəˌmɪzəm/","n.","euphemism, euphemisms","euphemistic (adj.)","an inoffensive or indirect expression that is substituted for one that is considered offensive or too harsh","Using 'passed away' as a euphemism for death is common in obituaries and formal announcements.","euphemism for; common euphemism; political euphemism","C2"
"Exacting","/ɪˈɡzæktɪŋ/","adj.","exacting, more exacting, most exacting","exactingness (n.)","having complicated nutritional requirements; especially growing only in special artificial cultures","The scientist worked with an exacting microorganism that required a highly specific growth medium.","exacting standards; exacting requirements; exacting process","C2"
"Exalt","/ɪˈɡzɔlt/","v.","exalt, exalts, exalted, exalted, exalting","exaltation (n.)","praise, glorify, or honor","The professor would often exalt the virtues of critical thinking in his lectures.","exalt to stardom; exalt in song; exalt with praise","C2"
"Exacerbate","/ɪˈɡzæsɚˌbeɪt/","v.","exacerbate, exacerbates, exacerbated, exacerbated, exacerbating","exacerbation (n.)","make worse","The ongoing conflict only served to exacerbate the existing tensions between the two nations.","exacerbate the situation; exacerbate tensions; exacerbate symptoms","C2"
"Evoke","/ɪˈvoʊk/","v.","evoke, evokes, evoked, evoked, evoking","evocative (adj.), evocation (n.)","To call out; to draw out or bring forth.","The old photograph evoked memories of her childhood summers at the beach.","evoke a response; evoke memories; evoke emotion","C2"
"Excavate","/ˈɛkskəˌveɪt/","v.","excavate, excavates, excavated, excavated, excavating","excavator (n.), excavation (n.)","recover through digging","Archeologists worked for months to excavate the ancient city buried under layers of sand.","excavate a site; excavate artifacts; excavate carefully","C2"
"Eulogize","/ˈjuləˌdʒaɪz/","v.","eulogize, eulogizes, eulogized, eulogized, eulogizing","eulogy (n.), eulogistic (adj.)","praise formally and eloquently","At the memorial service, friends and family eulogized the late philanthropist for his generosity and kindness.","eulogize a leader; eulogize at a funeral; eulogize with eloquence","C2"
"Evince","/ɪˈvɪns/","v.","evince, evinces, evinced, evinced, evincing","None","give expression to","His actions evinced a deep-seated commitment to social justice.","evince interest; evince surprise; evince skepticism","C2"
"Exhaustive","/ɪˈɡzɔstɪv/","adj.","no changes","exhaustion (n.)","performed comprehensively and completely","The research team conducted an exhaustive study to ensure no potential solutions were overlooked.","exhaustive research; exhaustive list; exhaustive investigation","C2"
"Exasperate","/ɪˈɡzæspɚˌeɪt/","v.","exasperate, exasperates, exasperated, exasperated, exasperating","exasperation (n.)","exasperate or irritate","His constant interruptions during the meeting began to exasperate his colleagues.","exasperate the situation; exasperate with delays; exasperate easily","C2"
"Exceed","/ɪˈksid/","v.","exceed, exceeds, exceeded, exceeded, exceeding","excessive (adj.), exceedance (n.)","be greater in scope or size than some standard","The company's profits exceeded expectations, surpassing the previous year's results by a significant margin.","exceed expectations; exceed limits; exceed capacity","C2"
"Euphony","/ˈjufəni/","n.","euphony, euphonies","euphonic (adj.), euphonous (adj.), euphonical (adj.), euphonious (adj.)","any agreeable (pleasing and harmonious) sounds","The euphony of the violin concerto filled the concert hall, captivating the audience.","euphony of language; euphony in music; pleasing euphony","C2"
"Exhort","/ɪˈɡzɔɹt/","v.","exhort, exhorts, exhorted, exhorted, exhorting","exhortation (n.)","spur on or encourage especially by cheers and shouts","The coach exhorted the team to give their best effort in the final minutes of the game.","exhort to action; exhort with enthusiasm; exhort the troops","C2"
"Exemplary","/ɪˈɡzɛmplɚi/","adj.","exemplary, more exemplary, most exemplary","exemplar (n.), exemplify (v.)","worthy of imitation","Her dedication and professionalism were exemplary, setting a high standard for her peers.","exemplary behavior; exemplary service; exemplary conduct","C2"
"Exodus","/ˈɛksədəs/","n.","exodus, exoduses","None","a journey by a large group to escape from a hostile environment","The exodus of refugees from the war-torn region was one of the largest in recent history.","exodus of refugees; exodus from the city; mass exodus","C2"
"Expansive","/ɪkˈspænsɪv/","adj.","expansive, more expansive, most expansive","expand (v.), expansivity (n.), expansiveness (n.)","able or tending to expand or characterized by expansion","The company's expansive growth strategy included opening new offices in several countries.","expansive growth; expansive view; expansive personality","C2"
"Exonerate","/ɪˈɡzɑnɚˌeɪt/","v.","exonerate, exonerates, exonerated, exonerated, exonerating","exoneration (n.)","pronounce not guilty of criminal charges","After reviewing the evidence, the judge decided to exonerate the defendant of all charges.","exonerate from blame; exonerate of charges; exonerate completely","C2"
"Exhume","/ɛksˈhjum/","v.","exhume, exhumes, exhumed, exhumed, exhuming","exhumation (n.)","dig up for reburial or for medical investigation; of dead bodies","The medical examiner was called to exhume the body for further forensic analysis.","exhume a body; exhume for investigation; exhume remains","C2"
"Excoriate","/ɛkˈskɔɹiˌeɪt/","v.","excoriate, excoriates, excoriated, excoriated, excoriating","excoriation (n.)","express strong disapproval of","The critic excoriated the film, calling it one of the worst he had ever seen.","excoriate publicly; excoriate in print; excoriate harshly","C2"
"Execrate","/ˈɛksɪˌkɹeɪt/","v.","execrate, execrates, execrated, execrated, execrating","execration (n.)","find repugnant","Many people execrate the idea of animal cruelty, finding it utterly repugnant.","execrate the crime; execrate vehemently; execrate with passion","C2"
"Expedite","/ˈɛkspɪˌdaɪt/","v.","expedite, expedites, expedited, expedited, expediting","expedition (n.), expeditious (adj.)","speed up the progress of; facilitate","The project manager worked tirelessly to expedite the completion of the project.","expedite the process; expedite delivery; expedite action","C2"
"Exotic","/ɪˈɡzɑtɪk/","adj.","exotic, more exotic, most exotic","exotically (adv.)","being or from or characteristic of another place or part of the world","She wore an exotic dress to the party, drawing admiring glances from the other guests.","exotic location; exotic cuisine; exotic appearance","C2"
"Exculpate","/ˌɛkˈskʌlpeɪt/","v.","exculpate, exculpates, exculpated, exculpated, exculpating","exculpation (n.), exculpatory (adj.)","pronounce not guilty of criminal charges","The new evidence was sufficient to exculpate the suspect, leading to his immediate release.","exculpate from blame; exculpate of charges; exculpate fully","C2"
"Exigency","/ˌɛˈksɪdʒənsi/","n.","exigency, exigencies","exigent (adj.)","a pressing or urgent situation","The exigency of the situation demanded immediate action, prompting the team to work overnight.","exigency of the moment; exigency of war; exigency requires","C2"
"Expedient","/ɪkˈspidiənt/","adj.","expedient, more expedient, most expedient","expediency (n.)","serving to promote your interest","He found it expedient to keep his opinions to himself during the heated debate.","expedient solution; expedient measure; politically expedient","C2"
"Extant","/ˈɛkstənt/","adj.","no changes","None","still in existence; not extinct or destroyed or lost","Despite the fire, several important documents remained extant and were recovered by the investigators.","extant manuscripts; extant species; extant records","C2"
"Expound","/ɪkˈspaʊnd/","v.","expound, expounds, expounded, expounded, expounding","exponent (n.), expository (adj.), expounding (n.)","add details, as to an account or idea; clarify the meaning of and discourse in a learned way, usually in writing","The scholar would often expound on the intricacies of ancient civilizations, sharing his knowledge with anyone willing to listen.","expound on a theory; expound at length; expound ideas","C2"
"Exploit","/ˈɛksˌplɔɪt/","v.","exploit, exploits, exploited, exploited, exploiting","None","use or manipulate to one's advantage","The company exploited the legal loophole to avoid paying millions in taxes.","exploit a loophole; exploit a weakness; exploit an opportunity","C2"
"Exorbitant","/ɪˈɡzɔɹbɪtənt/","adj.","exorbitant, more exorbitant, most exorbitant","exorbitance (n.)","greatly exceeding bounds of reason or moderation","The price of the concert tickets was exorbitant, far beyond what most fans could afford.","exorbitant prices; exorbitant fees; exorbitant demands","C2"
"Explicit","/ɪksˈplɪsət/","adj.","explicit, more explicit, most explicit","explicitness (n.)","precisely and clearly expressed or readily observable; leaving nothing to implication","The instructions were explicit; there was no room for misunderstanding.","explicit instructions; explicit language; explicit consent","C2"
"Extirpate","/ˈɛkstɚˌpeɪt/","v.","extirpate, extirpates, extirpated, extirpated, extirpating","extirpation (n.)","destroy completely, as if down to the roots","The invasive species was extirpated from the island to protect native wildlife.","extirpate corruption; extirpate a disease; extirpate poverty","C2"
"Extort","/ɪkˈstɔɹt/","v.","extort, extorts, extorted, extorted, extorting","extortion (n.)","obtain through intimidation","The criminal extorted money from local businesses by threatening to expose their secrets.","extort money; extort information; extort concessions","C2"
"Expurgate","/ɪkˈspɝɡət/","v.","expurgate, expurgates, expurgated, expurgated, expurgating","expurgator (n.), expurgation (n.)","edit by omitting or modifying parts considered indelicate","The publisher decided to expurgate certain scenes from the novel to make it suitable for younger readers.","expurgate content; expurgate a text; expurgate a manuscript","C2"
"Extol","/ɪkˈstoʊl/","v.","extol, extols, extolled, extolled, extolling","extolment (n.)","praise, glorify, or honor","The coach extolled the team's efforts after their hard-fought victory.","extol virtues; extol achievements; extol bravery","C2"
"Extract","/ɪksˈtɹækt/","v.","extract, extracts, extracted, extracted, extracting","extractor (n.), extraction (n.), extractible (adj.)","To draw out; to pull out; to remove forcibly from a fixed position, as by traction or suction, etc.","The dentist used special tools to extract the impacted wisdom tooth.","extract information; extract resources; extract a confession","C2"
